movieCd,movieNm,openDt,genre,nation,first_scrn,first_show,first_week_audi,total_audi,days_in_top10
20256701,긴키 지방의 어느 장소에 대하여,20250901,공포(호러),일본,268,394,254204,269222,8
20256149,머티리얼리스트,20250901,멜로/로맨스,미국,70,89,59640,59640,1
20245055,백산 - 의령에서 발해까지,20250901,다큐멘터리,한국,26,31,20048,20048,1
20241941,좀비딸,20250901,코미디,한국,666,2053,5364832,5641601,26
20256281,첫사랑 엔딩,20250901,멜로/로맨스,한국,440,647,70231,131102,11
20256185,프리키 프라이데이 2,20250901,코미디,미국,309,403,24384,26750,2
20256702,컨저링: 마지막 의식,20250903,공포(호러),미국,843,2219,39926,410827,19
20256071,투게더,20250903,공포(호러),미국,251,646,10504,33273,7
20233039,살인자 리포트,20250905,드라마,한국,10,10,2790,360799,20
20240206,전력질주,20250905,드라마,한국,5,7,1813,9175,3
20256741,아기돼지 3형제: 도넛별 대모험,20250906,애니메이션,한국,267,302,8658,13824,2
20254275,킹 오브 킹스,20250906,애니메이션,미국,86,89,1300533,1302526,2
20246333,3670,20250908,드라마,한국,62,82,8272,9312,2
20249072,3학년 2학기,20250909,드라마,한국,74,85,8207,8207,1
20245485,귀시,20250909,공포(호러),한국,4,5,1211,63425,8
20257083,건국전쟁2 ,20250910,다큐멘터리,한국,379,693,4154,43913,8
20247245,홈캠,20250910,공포(호러),한국,260,894,14709,71643,7
20242964,얼굴,20250911,드라마,한국,940,3368,35316,1067555,29
20243864,연의 편지,20250915,애니메이션,한국,6,10,2831,210768,22
20244606,바로 지금 여기,20250917,드라마,한국,84,91,7370,7370,1
20256864,프랑켄슈타인 : 더 뮤지컬 라이브,20250918,공연실황,한국,19,82,5068,50640,9
20257095,명탐정 코난: 17년 전의 진상,20250919,애니메이션,일본,245,752,16193,74368,12
20243561,어쩔수가없다,20250922,스릴러,한국,40,48,8325,2925401,44
20257586,2016 방탄소년단 라이브 화양연화 온 스테이지 : 에필로그 리마스터링,20250924,공연실황,한국,95,157,1232,1232,1
20256757,극장판 체인소 맨: 레제편,20250924,애니메이션,일본,829,2557,108864,3453440,81
20257229,파르테노페,20250924,드라마,이탈리아,50,53,1370,7534,2
20256034,킹 오브 프리즘 -유어 엔드리스 콜- 모두 빛나라! 프리즘 투어즈 ,20250926,애니메이션,일본,12,16,31393,31393,1
20256526,브레드이발소: 베이커리타운의 악당들,20250927,애니메이션,한국,368,725,40141,276229,19
20257321,그저 사고였을 뿐,20251001,드라마,한국,102,112,2729,25580,2
20257670,워킹맨,20251001,드라마,한국,173,408,4459,7210,2
20256397,원 배틀 애프터 어나더,20251001,액션,미국,601,1195,23776,521262,31
20257208,개비의 매직하우스 극장판,20251003,애니메이션,미국,409,527,29260,101413,9
20257729,배달의 영웅 : 캐리와 슈퍼콜라2,20251003,애니메이션,한국,385,463,7214,7214,1
20228988,보스,20251003,코미디,한국,8,8,2175,2424803,34
20249641,나쁜계집애: 달려라 하니,20251007,애니메이션,한국,487,755,16076,54826,8
20254021,트론: 아레스,20251008,SF,미국,779,2174,56304,158573,10
20244267,사람과 고기,20251013,드라마,한국,80,93,10816,10816,1
20257728,중간계,20251013,판타지,한국,7,9,1948,24964,6
20236434,만남의 집,20251015,드라마,한국,78,99,10894,10894,1
20256684,웨폰,20251015,공포(호러),미국,524,1283,12309,73110,8
20257658,극장판 주술회전: 회옥·옥절,20251016,애니메이션,일본,694,2206,44059,217899,16
20258628,이찬원 정규 2집 ‘찬란’ 청음회,20251019,공연실황,한국,40,40,5892,5892,1
20258183,원 인 어 밀리언,20251020,멜로/로맨스,미국,35,74,6166,6166,1
20253852,퍼스트 라이드,20251020,액션,미국,30,30,7218,737835,34
20257570,8번 출구,20251022,공포(호러),일본,749,2639,32711,441742,30
20247429,세계의 주인,20251022,드라마,한국,358,501,5936,166061,39
20259028,에이티즈 에이 투 지 온 스크린,20251023,공연실황,한국,12,24,1953,1953,1
20258681,후지모토 타츠키 17-26 파트 1,20251024,애니메이션,일본,20,36,2596,14867,2
20257795,베이비걸,20251029,스릴러,미국,157,450,6419,6419,1
20258001,지드래곤 인 시네마 [위버맨쉬],20251029,공연실황,한국,86,305,5059,5059,1
20257456,말할 수 없는 비밀: 마지막 챕터,20251030,멜로/로맨스,대만,158,310,3845,3845,1
20259147,케이팝 데몬 헌터스,20251031,애니메이션,미국,123,498,7013,39175,3
20253340,구원자,20251105,스릴러,한국,498,982,7051,29806,6
20257361,난징사진관,20251105,드라마,중국,272,358,5765,28800,6
20256320,부고니아,20251105,SF,미국,518,1143,11191,65526,14
20258311,엄마를 버리러 갑니다,20251105,드라마,한국,155,308,4134,17612,3
20254375,프레데터: 죽음의 땅,20251105,SF,미국,952,3456,36427,415690,21
20258570,극장판 똘똘이: 아기공룡의 비밀,20251108,애니메이션,한국,222,405,9692,36194,6
20258383,나우 유 씨 미 3,20251112,범죄,미국,1261,5132,82951,1367031,35
20254824,명탐정 코난: 척안의 잔상,20251112,애니메이션,일본,62,218,741430,743034,2
20258385,꼬마돼지 베이브와 타피티,20251115,애니메이션,독일,349,406,9957,15309,2
20257161,국보,20251119,드라마,일본,484,802,14184,191245,27
20243405,나혼자 프린스,20251119,애니메이션,한국,535,1099,7223,52636,11
20255381,위키드: 포 굿,20251119,뮤지컬,미국,1699,5740,108830,964710,40
20259225,포레스텔라 : 더 웨이브 인 시네마,20251119,공연실황,한국,23,33,2025,2025,1
20249326,윗집 사람들,20251125,코미디,한국,11,12,2837,545602,31
20259536,힘,20251125,액션,한국,16,16,2614,2614,1
20252432,주토피아 2,20251126,애니메이션,미국,2084,8027,310951,8604180,74
20242374,한란,20251126,드라마,한국,262,345,4561,18305,7
20259618,콘크리트 마켓,20251201,스릴러,한국,4,7,1616,21784,7
20258739,극장판 주술회전: 시부야사변 X 사멸회유,20251202,애니메이션,일본,26,26,2945,357540,24
20233259,정보원,20251203,코미디,한국,8,8,2598,164664,20
20253906,프레디의 피자가게 2,20251203,공포(호러),미국,571,1288,13238,230625,24
20256025,더 러닝 맨,20251210,SF,미국,557,1224,8463,34000,6
20254054,여행과 나날,20251210,드라마,한국,136,163,5525,38611,10
20258808,뽀로로 극장판 스위트캐슬 대모험,20251211,애니메이션,한국,439,631,7565,249736,29
20250024,블루 아카이브 : 디 오케스트라 인 시네마,20251212,공연실황,한국,47,62,3924,3924,1
20249255,만약에 우리,20251216,멜로/로맨스,한국,19,19,3990,2594460,62
20256396,아바타: 불과 재,20251217,SF,미국,2582,8143,266411,6731026,56
20259383,극장판 짱구는 못말려: 초화려! 작열하는 떡잎마을 댄서즈,20251220,애니메이션,일본,76,76,5360,476133,29
20258621,척의 일생,20251224,드라마,미국,167,193,5127,17436,7
20250444,코드: G 주목의 시작,20251227,SF,한국,39,69,3689,7888,3
20247457,신의악단,20251229,드라마,한국,5,5,4240,1438794,77
20259333,누벨바그,20251231,드라마,프랑스,141,222,4597,4597,1
20259563,파더 마더 시스터 브라더,20251231,드라마,미국,63,68,5344,27131,5
20256173,스폰지밥 무비: 네모바지를 찾아서,20260101,애니메이션,미국,505,642,27568,81767,10
20258272,톰과 제리: 황금나침반 대소동,20260101,애니메이션,미국,406,484,13459,26491,4
20259641,송 썽 블루,20260105,드라마,미국,19,19,4567,7199,2
20250115,굿 포츈,20260107,코미디,미국,353,496,6472,24026,7
20259584,마이 선샤인,20260107,드라마,일본,244,312,4084,4084,1
20259250,피렌체,20260107,드라마,한국,198,239,5317,17124,5
20249624,프로젝트 Y,20260108,액션,한국,9,9,2153,116465,8
20258325,스노우 폭스 : 마법의 돌을 찾아서,20260110,애니메이션,캐나다,180,242,3641,7145,2
20250188,하트맨,20260110,드라마,한국,16,18,4036,235159,15
20247690,시스터,20260112,스릴러,한국,4,5,1071,69076,10
20250438,끝이 없는 스칼렛,20260114,드라마,한국,165,322,3762,3762,1
20246546,보이,20260114,범죄,한국,145,193,4166,12783,4
20250482,"신비아파트 10주년 극장판: 한 번 더, 소환",20260114,애니메이션,한국,597,1033,31235,319083,21
20250299,고고다이노 극장판: 곤충세계 대모험,20260117,애니메이션,한국,240,343,13237,33774,4
20240400,슈가,20260119,드라마,한국,10,10,2302,2302,1
20258324,731,20260121,전쟁,중국,314,492,6084,10172,2
20259552,시라트,20260122,드라마,스페인,191,233,9385,28422,5
20242837,왕과 사는 남자,20260127,사극,한국,29,29,15958,16916280,117
20250644,직장상사 길들이기,20260128,코미디,한국,654,1547,14966,63443,7
20258885,프라이메이트,20260128,공포(호러),미국,502,911,9389,34694,5
20250686,하우스메이드,20260128,스릴러,미국,533,915,11710,67329,10
20250563,정글비트 2,20260201,애니메이션,모리셔스,309,353,12813,12813,1
20252373,넘버원,20260203,드라마,한국,17,17,4218,278409,25
20261439,"2024.12.03 그날 조작된 내란, 감춰진 진실",20260204,다큐멘터리,한국,145,229,19832,207669,18
20250878,노 머시: 90분,20260204,액션,한국,538,1413,17430,98458,15
20261041,스트레이 키즈 : 더 도미네이트 익스피리언스,20260204,공연실황,한국,103,184,3029,16881,3
20261526,아이엠스타!X프리파라 더 무비 -만남의 기적!-,20260204,애니메이션,일본,118,160,7064,75777,11
20241266,휴민트,20260204,액션,한국,16,17,5089,1979498,38
20250604,극장판 엉덩이 탐정: 스타 앤드 문,20260207,애니메이션,일본,247,492,10581,46280,6
20257823,폭풍의 언덕,20260211,드라마,영국,428,816,12000,57770,9
20250840,바다 탐험대 옥토넛 어보브 앤 비욘드 : 육지생물 구조작전,20260212,애니메이션,영국,141,169,3259,21127,5
20261208,귀신 부르는 앱: 영,20260218,공포(호러),한국,176,357,18903,91031,13
20261150,점보,20260218,애니메이션,프랑스,355,453,14169,45106,6
20250428,센티멘탈 밸류,20260219,드라마,노르웨이,188,221,10113,61616,15
20261181,너자 2,20260223,애니메이션,중국,9,9,3203,59179,14
20250301,판결,20260223,드라마,한국,7,7,4001,4001,1
20241501,매드 댄스 오피스,20260224,코미디,한국,7,8,1966,45429,14
20250365,햄넷,20260225,드라마,영국,381,495,11121,56231,16
20261450,슬라이드 스트럼 뮤트,20260226,드라마,한국,117,126,3899,9942,2
20257744,28년 후: 뼈의 사원,20260227,공포(호러),영국,467,807,6401,29175,5
20261621,엔하이픈 [워크 더 라인 썸머 에디션] 인 시네마,20260227,공연실황,한국,61,117,2897,2897,1
20256283,호퍼스,20260301,애니메이션,미국,536,1172,22996,754046,39
20258074,아르코,20260303,애니메이션,프랑스,8,8,2665,15533,4
20250413,다이 마이 러브,20260304,스릴러,미국,115,212,2164,3683,2
20258444,브라이드!,20260304,공포(호러),미국,399,676,7746,22455,7
20250875,우리는 매일매일,20260304,드라마,한국,142,168,3130,11794,4
20261694,투어스 브이알 콘서트 : 러쉬로드,20260309,공연실황,한국,1,8,6830,34104,6
20249843,우리에게는 아직 내일이 있다,20260310,드라마,이탈리아,84,104,9319,9319,1
20232662,삼악도,20260311,미스터리,한국,225,819,11999,92271,16
20253101,극장판 진격의 거인 완결편 더 라스트 어택,20260313,애니메이션,일본,16,52,954489,1030432,18
20241575,메소드연기,20260313,코미디,한국,6,7,2229,59984,12
20261927,스페셜즈,20260315,드라마,프랑스,38,46,3673,3673,1
20261437,녹나무의 파수꾼,20260318,드라마,일본,305,469,1548,8133,6
20261804,폭탄,20260318,스릴러,일본,175,312,5155,23192,8
20261782,프로젝트 헤일메리,20260318,SF,미국,1331,4086,78054,2896778,72
20254121,살목지,20260324,공포(호러),한국,13,15,2784,3232828,55
20257521,프로텍터,20260325,액션,미국,413,595,5623,22785,7
20262291,뮤지컬 장수탕 선녀님,20260328,공연실황,한국,134,197,4905,7932,2
20262179,펫 트레인,20260328,애니메이션,중국,182,324,6212,18567,4
20261666,네가 마지막으로 남긴 노래,20260401,멜로/로맨스,일본,560,1408,12967,78787,14
20262101,킬 빌: 더 홀 블러디 어페어,20260401,액션,미국,88,119,3733,13170,5
20247648,내 이름은,20260402,드라마,한국,4,5,1498,206709,30
20262463,오피셜히게단디즘 라이브 앳 스타디움 2025,20260402,공연실황,일본,58,84,3178,4619,2
20259598,두 검사,20260407,드라마,한국,46,52,6171,10800,2
20261622,위 리브 인 타임,20260408,멜로/로맨스,영국,220,437,6071,28430,10
20262343,크라임 101,20260408,범죄,미국,208,436,4025,17746,7
20262648,런닝맨: 라이트&쉐도우,20260411,애니메이션,한국,196,345,7204,13055,2
20262383,쉘터,20260415,액션,미국,174,298,3789,17896,7
20259339,힌드의 목소리,20260415,다큐멘터리,팔레스타인,116,145,4592,12346,4
20262811,"극장판 총집편 걸즈 밴드 크라이 있잖아, 미래.",20260416,애니메이션,일본,100,136,2920,2920,1
20240532,짱구,20260416,애니메이션,일본,13,14,3081,407791,29
20262907,고트: 더 레전드,20260417,애니메이션,미국,339,423,2623,30056,7
20262639,노멀,20260417,스릴러,미국,129,246,2898,15602,7
20262775,기동전사 건담: 섬광의 하사웨이 키르케의 마녀,20260422,애니메이션,일본,90,149,5076,41268,14
20262685,란 12.3,20260422,드라마,한국,842,2156,38078,234543,21
20262776,르누아르,20260422,드라마,일본,127,239,4209,13670,2
20262657,리 크로닌의 미이라,20260422,공포(호러),미국,368,610,7652,33691,7
20259791,악마는 프라다를 입는다 2,20260427,코미디,미국,3,4,1001,1590300,36
20259773,슈퍼 마리오 갤럭시,20260429,애니메이션,미국,1166,4173,63460,1633044,34
20259626,마이클,20260430,드라마,미국,34,34,7002,1615847,45
20263327,사랑의 하츄핑 특별판,20260501,애니메이션,한국,295,352,3321,12323,4
20262906,극장판 반짝반짝 달님이: 싱어롱 파티,20260503,애니메이션,한국,164,235,5950,9515,2
20262947,모탈 컴뱃 2,20260506,액션,미국,365,592,2709,14433,7
20261943,올 그린스,20260506,드라마,한국,133,201,2694,7695,3
20252801,교생실습,20260513,드라마,한국,253,394,5801,22022,5
20252402,군체,20260518,공포(호러),한국,9,9,2347,5844508,72
20248252,와일드 씽,20260518,드라마,한국,8,9,2652,1344042,50
20263344,너바나 더 밴드 : 전설적 밴드 ‘너바나’와는 별 관련 없는 ‘너바나 더 밴드’의 콤비 맷과 제이. 어느 날 공연을 위해 타임머신을 만드는 황당한 작전을 세우고 처음 만났던 17년 전으로 돌,20260520,코미디,캐나다,155,273,5154,81338,21
20262975,신극장판 은혼: 요시와라 대염상,20260520,애니메이션,일본,440,901,13475,70388,11
20263253,극장판 내 마음의 위험한 녀석,20260521,애니메이션,일본,115,205,3895,15740,4
20263363,리마인더스 오브 힘,20260521,드라마,미국,17,17,3000,3000,1
20263222,극장판 호빵맨: 세균맨과 그림책의 루룬,20260523,애니메이션,일본,221,372,7109,30336,5
20262972,남태령,20260526,드라마,한국,54,64,4761,4761,1
20258837,뒷자리에 태워줘,20260527,드라마,한국,155,201,3674,15323,4
20258236,만달로리안과 그로구,20260527,SF,미국,809,2103,27634,221481,22
20263644,미세스 그린 애플 매지컬 10주년 기념 라이브 ~피오르드~ 온 스크린,20260527,공연실황,일본,21,21,1279,1279,1
20263030,백룸,20260527,공포(호러),미국,688,1609,54631,1211546,49
20261766,상자 속의 양,20260528,애니메이션,프랑스,32,32,5408,67801,16
20263512,이상한 과자 가게 전천당,20260529,드라마,일본,485,738,8630,159163,14
20263272,돌핀보이: 푸른 바다의 수호자,20260603,애니메이션,이란,222,242,5634,13617,3
20263761,플레이브 아시아 투어 [대쉬: 퀀텀 리프] 앙코르 인 시네마,20260603,공연실황,한국,62,112,11571,28218,5
20263941,마스터즈 오브 유니버스,20260605,SF,미국,214,281,4741,12968,5
20248484,신사: 악귀의 속삭임,20260608,공포(호러),한국,4,5,1114,45711,10
20263262,맘보 점보,20260609,애니메이션,미얀마,34,34,6125,6125,1
20250655,디스클로저 데이,20260610,SF,미국,1072,2962,56930,250842,15
20264226,쏜애플 '나의 세기' 익스텐디드 플레이 필름,20260610,공연실황,한국,29,60,2000,2000,1
20258725,순례자들은 왜 돌아오지 않는가,20260611,SF,한국,45,47,9645,9645,1
20259781,토이 스토리 5,20260611,애니메이션,미국,2,3,1537,2942253,57
20264331,디어 마이 히어로,20260614,드라마,한국,120,328,5500,15722,4
20242402,눈동자,20260615,공포(호러),한국,13,13,3102,1540223,43
20258945,너만 보이는 날,20260616,멜로/로맨스,한국,6,6,3367,15968,5
20263948,에픽: 엘비스 프레슬리 콘서트,20260618,공연실황,미국,26,26,5073,9991,2
20250489,슈퍼걸,20260624,액션,미국,883,2916,35754,135798,11
20261524,짝사랑 세계,20260624,멜로/로맨스,일본,150,275,3994,23203,7
20246318,해피엔드,20260624,드라마,일본,82,92,136582,143878,3
20264241,정동원 팬콘서트 필름 : 다시 만나는 길,20260626,공연실황,한국,43,79,3353,10316,5
20264056,그린랜드 2: 마이그레이션,20260701,액션,미국,378,733,8583,53889,10
20264027,극장판 도라에몽: 신 진구의 해저비밀성,20260701,애니메이션,일본,141,538,7521,69572,13
20264427,극장판 암살교실 모두의 시간,20260701,애니메이션,일본,143,214,4845,19877,7
20263530,마티 슈프림,20260701,드라마,미국,738,1625,21401,131843,27
20262902,다윗,20260705,애니메이션,미국,87,87,16159,306439,39
20264352,앤팀 브이알 콘서트 : 바운드리스,20260706,공연실황,한국,1,8,8609,8609,1
20261467,시크릿 에이전트,20260708,스릴러,브라질,83,93,2779,2779,1
20261410,키퍼,20260708,공포(호러),미국,119,194,1948,3439,2
20262651,하나 코리아,20260708,다큐멘터리,한국,170,228,4129,12896,4
20261421,나무의 노래,20260715,드라마,한국,6,6,4185,4185,1
20233219,호프,20260715,SF,한국,27,27,5630,4536210,49
20259551,파리의 사생활,20260716,코미디,프랑스,30,32,1391,3736,2
